Workbook

Sheet FilterCriteria
A1: No | B1: Title | C1: Description
A2: 1 | B2: The source provides a downloadable data file | C2: A data file is required to verify the extracted elements by mapping each column to the corresponding element.
A3: 2 | B3: The data are generated by IoT devices | C3: Only data generated by IoT devices are required, in line with the goal of verifying the common IoT schema.
A4: 3 | B4: The source includes a data description | C4: A data description is essential for understanding the context and structure of the data file. It should specify the sensors or sensor types used, the objects measured, and definitions of all data fields, thereby ensuring accurate interpretation and effective use of the dataset.

Sheet SearchResults
A1: Repository | B1: Sublink | C1: Key Words | D1: FIlters | E1: Date | F1: ResultCounts | G1: FilteredCounts | H1: Note
A2: Generalist data repository | B2: Dryad Digital Repository | C2: IoT | E2: 45893 | F2: 9 | G2: 3
A3: Generalist data repository | B3: Dryad Digital Repository | C3: "sensor dataset" | E3: 45903 | F3: 3 | G3: 3
A4: Generalist data repository | B4: Zenodo | C4: "sensor dataset" | D4: Open, Dataset | E4: 45903 | F4: 35 | G4: =COUNTIF(Table2[Sublink],SearchResults!$B4) -> 30
A5: Generalist data repository | B5: Harvard Dataverse | C5: "sensor dataset" | D5: Datasets | E5: 45903 | F5: 5 | G5: =COUNTIF(Table2[Sublink],SearchResults!$B5) -> 2
A6: Generalist data repository | B6: Open Science Framework | C6: "sensor dataset" | E6: 45903 | F6: 1 | G6: =COUNTIF(Table2[Sublink],SearchResults!$B6) -> 1
A7: Generalist data repository | B7: FAIRsharing.org - Movebank Data Repository | C7: "sensor dataset" | E7: 45904 | F7: 0 | G7: 0
A8: Generalist data repository | B8: FAIRsharing.org - Norwegian Polar Data Centre | C8: sensor dataset | E8: 45904 | F8: 28 | G8: =COUNTIF(Table2[Sublink],SearchResults!$B8) -> 26
A9: Generalist data repository | B9: re3data.org. | C9: sensor dataset | E9: 45904 | F9: 9 | G9: 0 | H9: No data files can be found, only description
A10: Generalist data repository | B10: figshare | C10: "sensor dataset" | D10: dataset | E10: 45904 | F10: 14 | G10: =COUNTIF(Table2[Sublink],SearchResults!$B10) -> 5
A11: Total | F11: =SUM(F2:F10) -> 104 | G11: =SUM(G2:G10) -> 70

Sheet FilteredResults
A1: Sublink | B1: Title | C1: Link
A2: Dryad Digital Repository | B2: FlyPaw: Optimized route planning for scientific UAV missions | C2: https://datadryad.org/dataset/doi:10.5061/dryad.0gb5mkm8d
A3: Dryad Digital Repository | B3: LoRaWAN gateway performance and vehicle tracking data in AERPAW testbed | C3: https://datadryad.org/dataset/doi:10.5061/dryad.w0vt4b939#readme
A4: Dryad Digital Repository | B4: Aerial Measurements from Outdoor 2.4GHz 802.15.4 Network | C4: https://datadryad.org/dataset/doi:10.25349/D9KS3W
A5: Dryad Digital Repository | B5: A multi-modal sensor dataset for continuous stress detection of nurses in a hospital | C5: https://datadryad.org/dataset/doi:10.5061/dryad.5hqbzkh6f#usage
A6: Dryad Digital Repository | B6: A multi-sensor gait dataset collected under non-standardized dual-task conditions | C6: https://datadryad.org/dataset/doi:10.5061/dryad.2rbnzs7z3#readme
A7: Dryad Digital Repository | B7: mRI: multi-modal 3d human pose estimation dataset using mmwave, rgb-d, and inertial sensors | C7: https://datadryad.org/dataset/doi:10.5061/dryad.9ghx3ffpp
A8: Zenodo | B8: SIMPaCT Soil Moisture Sensor Dataset | C8: https://zenodo.org/records/16811020
A9: Zenodo | B9: Drone onboard multi-modal sensor dataset | C9: https://zenodo.org/records/7643456
A10: Zenodo | B10: Multimodal Sensor Dataset from Wood/Forest Environment - Adões | C10: https://zenodo.org/records/13757335
A11: Zenodo | B11: Multimodal Sensor Dataset from Wood/Forest Environment - iParque | C11: https://zenodo.org/records/13757084
A12: Zenodo | B12: Multi-Sensor Dataset From Android Smart Devices | C12: https://zenodo.org/records/8340005
... A71: figshare | B71: Data from: A field-scale sensor network data set for monitoring and modeling the spatial and temporal variation of soil moisture in a dryland agricultural field | C71: https://figshare.com/articles/dataset/Data_from_A_field-scale_sensor_network_data_set_for_monitoring_and_modeling_the_spatial_and_temporal_variation_of_soil_moisture_in_a_dryland_agricultural_field/24852273?file=44335805

Sheet DatasetInfo
G1: Data Schema Extracted from SOSA/SSN
A2: DatasetNo | B2: Industry | C2: Topic | D2: Content | E2: SourcePlatform | F2: Website | G2: IoT Device | H2: Sample | I2: FeatureOfInterest | J2: Property | K2: Result | L2: Platform | M2: Deployment | N2: resultTime
A3: 1 | B3: Communication | C3: Optimized route planning for scientific UAV missions | D3: It integrates UAV telemetry with wireless network performance (srsRAN SDR + iperf) and flight state logs to support experiments in optimized UAV route planning. | E3: Dryad Digital Repository | F3: https://datadryad.org/dataset/doi:10.5061/dryad.0gb5mkm8d | G3: 1 | H3: 1 | I3: 1 | J3: 1 | K3: 1 | M3: 1 | N3: 1
A4: 2 | B4: Communication | C4: LoRaWAN gateway performance | D4: It evaluates the performance of LoRaWAN gateways by analyzing received telemetry data from a moving vehicle (i.e., helikite). Key metrics include Received Signal Strength Indicator (RSSI), Signal-to-Noise Ratio (SNR), transmission timestamps, and geographic data. | E4: Dryad Digital Repository | F4: https://datadryad.org/dataset/doi:10.5061/dryad.w0vt4b939#readme | G4: 1 | I4: 1 | J4: 1 | K4: 1 | M4: 1 | N4: 1
A5: 3 | B5: Communication | C5: Aerial Measurements from Outdoor 2.4GHz 802.15.4 Network | D5: Signal strength and reception rate of packets | E5: Dryad Digital Repository | F5: https://datadryad.org/dataset/doi:10.25349/D9KS3W | G5: 1 | I5: 1 | J5: 1 | K5: 1 | M5: 1 | N5: 1
A6: 4 | B6: Health | C6: Stress detection using wearable biometric signals and contextual surveys | D6: A dataset of 15 nurses collected during the COVID-19 outbreak in a natural hospital work environment. It includes continuous biometric sensor signals (EDA, HR, TEMP, IBI, BVP, ACC) from wearable devices, contextual event tagging, and periodic smartphone-based stress surveys with stress levels and contributing factors. | E6: Dryad Digital Repository | F6: https://datadryad.org/dataset/doi:10.5061/dryad.5hqbzkh6f#usage | G6: 1 | H6: 1 | I6: 1 | J6: 1 | K6: 1 | L6: 1 | M6: 1 | N6: 1
A7: 5 | B7: Health | C7: Human gait under non-standardized dual-task walking (normal, holding a water cup, texting, browsing the web), with repeated sessions and segmented phases (go, back, turn) | D7: 23 participants × 2 sessions × 4 tasks. Folders: Raw (MOCAP, Kinect, IMU, Timestamp), Processed (segmented by sensor, session, phase, task), and Parameters (spatio-temporal & kinematic features). Demographics provided; data de-identified | E7: Dryad Digital Repository | F7: https://datadryad.org/dataset/doi:10.5061/dryad.2rbnzs7z3#readme | G7: 1 | H7: 1 | I7: 1 | J7: 1 | K7: 1 | L7: 1 | M7: 1 | N7: 1
A8: 6 | B8: Health | C8: Multi-modal 3D human pose estimation dataset, fusing radar, IMU, and RGB-D data across 20 subjects | D8: 40 RGB videos, raw data: imu, radar, annotations, timestamps, video labels. | E8: Dryad Digital Repository | F8: https://datadryad.org/dataset/doi:10.5061/dryad.9ghx3ffpp | G8: 1 | H8: 1 | I8: 1 | J8: 1 | K8: 1 | M8: 1 | N8: 1
A9: 7 | B9: Agriculture | C9: Soil moisture monitoring dataset, used to study mutual-information-based virtual sensor prediction | D9: VWC readings | E9: Zenodo | F9: https://zenodo.org/records/16811020 | G9: 1 | I9: 1 | J9: 1 | K9: 1 | M9: 1 | N9: 1
A10: 8 | B10: Aerospace | C10: Drone flight telemetry and state classification. Trajectory prediction and multi-task learning with sensor data | D10: Time series dataset of multiple drone flights using a DJI Matrice 300 (M300). Includes unique flight IDs, timestamps, position, orientation, velocity, acceleration, battery status, payload type, weather conditions, and drone states (IDLE_HOVER, ASCEND, TURN, HMSL, DESCEND). Designed for trajectory prediction, classification, and UAV control research under different flight patterns (triangular, square, polygonal, random). | E10: Zenodo | F10: https://zenodo.org/records/7643456 | G10: 1 | H10: 1 | I10: 1 | J10: 1 | K10: 1 | M10: 1 | N10: 1
A11: 9 | B11: Environment | C11: Adões - Multimodal robotic sensor dataset in a forest scenario. Trajectory recording, perception, and localization for robotic research. | D11: Contains synchronized multi-sensor recordings (LiDAR, stereo + RGB-D cameras, IMU, GNSS) | E11: Zenodo | F11: https://zenodo.org/records/13757335 | G11: 1 | I11: 1 | J11: 1 | K11: 1 | L11: 1 | M11: 1 | N11: 1
A12: 10 | B12: Environment | C12: iParque - Multimodal robotic sensor dataset in a forest scenario. Trajectory recording, perception, and localization for robotic research. | D12: Contains synchronized multi-sensor recordings (LiDAR, stereo + RGB-D cameras, IMU, GNSS) | E12: Zenodo | F12: https://zenodo.org/records/13757084 | G12: 1 | I12: 1 | J12: 1 | K12: 1 | L12: 1 | M12: 1 | N12: 1
A13: 11 | B13: Mobile | C13: Raw GNSS and multi-sensor dataset from Android devices | D13: Data collected with an Android app called Mimir (and GNSSLogger for some sessions), across five devices | E13: Zenodo | F13: https://zenodo.org/records/8340005 | G13: 1 | I13: 1 | J13: 1 | K13: 1 | L13: 1 | M13: 1 | N13: 1
A14: 12 | B14: Health | C14: Tactile sensing of human hand during activities of daily living (ADL) | D14: raw & interpolated pressure values, grip force, contribution of 18 sensing regions, synchronization indices among subjects | E14: Zenodo | F14: https://zenodo.org/records/4607289 | G14: 1 | H14: 1 | I14: 1 | J14: 1 | K14: 1 | L14: 1 | N14: 1
A15: 13 | B15: Manufacturing | C15: Driving posture recognition using pressure sensors | D15: 30 healthy adults with varying BMI, height, weight, 20 distinct driving postures | E15: Zenodo | F15: https://zenodo.org/records/15199100 | G15: 1 | H15: 1 | I15: 1 | J15: 1 | K15: 1
A16: 14 | B16: Environment | C16: UAV telemetry dataset with labeled states and environmental factors | D16: The dataset is directly collected from drone-integrated sensors (IMU, GNSS, flight controller) and an external TriSonica Mini weather sensor. | E16: Zenodo | F16: https://zenodo.org/records/13682870 | G16: 1 | I16: 1 | J16: 1 | K16: 1 | N16: 1
A17: 15 | B17: Agriculture | C17: Monitoring cotton crop growth and field conditions, combining sowing, acreage, geolocation, and sensor-based data for agricultural decision-making | D17: Includes crop details (type, sowing date, acreage, location, coordinates, monitoring date, device ID) | E17: Zenodo | F17: https://zenodo.org/records/8371502 | G17: 1 | H17: 1 | I17: 1 | J17: 1 | K17: 1 | M17: 1 | N17: 1
A18: 16 | B18: Robotics | C18: Landing maneuvers of a bioinspired ornithopter | D18: Data was collected from simulated onboard sensors during bioinspired landing maneuvers. | E18: Zenodo | F18: https://zenodo.org/records/3930442 | G18: 1 | H18: 1 | I18: 1 | J18: 1 | K18: 1 | M18: 1 | N18: 1
A19: 17 | B19: Animal | C19: Standardized benchmark for evaluating behavior classification models from multi-sensor datasets | D19: Onboard wearable sensors and animal-borne sensors (e.g., accelerometers, gyroscopes) used to capture behavior/activity signals | E19: Zenodo | F19: https://zenodo.org/records/10982620 | G19: 1 | H19: 1 | I19: 1 | J19: 1 | K19: 1 | N19: 1
A20: 18 | B20: Agriculture | C20: Multi-modal monitoring of honeybee colonies with environmental sensors and phenotypic trait | D20: Includes temperature, humidity, and acoustic features from sensors placed in beehives. | E20: Zenodo | F20: https://zenodo.org/records/11398835 | G20: 1 | H20: 1 | I20: 1 | J20: 1 | K20: 1 | M20: 1 | N20: 1
A21: 19 | B21: Environment | C21: Temperature-modulated metal-oxide gas sensing | D21: VOC concentrations (ppb), humidity, CO, H₂, TVOCs (ppb + µg/m³), and timestamps | E21: Zenodo | F21: https://zenodo.org/records/4593853 | G21: 1 | H21: 1 | I21: 1 | J21: 1 | K21: 1 | N21: 1
A22: 20 | B22: Mobile | C22: Multimodal sensor dataset for GNSS-based positioning and context detection | D22: GNSS raw measurements & position fixes, Accelerometer, Gyroscope, Magnetometer, Barometer, Step counter / step detector | E22: Zenodo | F22: https://zenodo.org/records/12566912 | G22: 1 | H22: 1 | I22: 1 | J22: 1 | K22: 1 | L22: 1 | M22: 1 | N22: 1
A23: 21 | B23: Health | C23: Remote patient monitoring | D23: The dataset was collected using wearable and ambient IoT sensors (acceleration, heart rate, motion, position, sleep, steps) | E23: Zenodo | F23: https://zenodo.org/records/14911563 | G23: 1 | H23: 1 | I23: 1 | J23: 1 | K23: 1 | M23: 1 | N23: 1
A24: 22 | B24: Robotics | C24: Multisensor benchmarking dataset for image recognition | D24: It uses imaging IoT sensors (hyperspectral camera, Kinect depth sensor, HD camera on a mobile robotic chassis) to capture multimodal data (images, spectra, and 3D point clouds) | E24: Zenodo | F24: https://zenodo.org/records/4010348 | G24: 1 | H24: 1 | I24: 1 | J24: 1 | K24: 1 | L24: 1
A25: 23 | B25: Robotics | C25: Sequential human-to-human object handovers in shelving and unshelving tasks | D25: Includes multimodal recordings: RGB video, depth maps, 3D motion capture (bones + markers), and anthropometric measurements. | E25: Zenodo | F25: https://zenodo.org/records/7895500 | G25: 1 | H25: 1 | I25: 1 | J25: 1 | K25: 1 | L25: 1 | M25: 1 | N25: 1
A26: 24 | B26: Smart Cities | C26: Quantitative evaluation of urban behavioral changes after a disaster event (2015 Paris terrorist attacks) | D26: Permanent traffic sensors installed on the Paris city road network | E26: Zenodo | F26: https://zenodo.org/records/819905 | G26: 1 | I26: 1 | J26: 1 | K26: 1 | L26: 1 | N26: 1
A27: 25 | B27: Robotics | C27: Multimodal dataset for fusion of sonar and camera data to improve obstacle detection and navigation in AUVs | D27: It uses underwater IoT sensing devices: a forward-looking sonar (FLS), forward-looking camera (FLC), and navigation sensors (GPS, DVL, IMU) | E27: Zenodo | F27: https://zenodo.org/records/10544811 | G27: 1 | I27: 1 | J27: 1 | K27: 1 | M27: 1 | N27: 1
A28: 26 | B28: Robotics | C28: Dataset for robot navigation and perception using multimodal sensors | D28: It uses robot-mounted IoT sensors (LiDAR, IMU, RGB camera) integrated into the Unitree Go1 quadruped robot platform | E28: Zenodo | F28: https://zenodo.org/records/13754606 | G28: 1 | I28: 1 | J28: 1 | K28: 1 | L28: 1 | M28: 1 | N28: 1
A29: 27 | B29: Robotics | C29: Obstacle detection and navigation in tropical underwater environments | D29: It uses underwater IoT sensors (forward-looking camera, forward-looking sonar, depth sensor) mounted on the Blue-ROV2 | E29: Zenodo | F29: https://zenodo.org/records/12093143 | G29: 1 | I29: 1 | J29: 1 | K29: 1 | M29: 1 | N29: 1
A30: 28 | B30: Robotics | C30: Dataset for multimodal robot perception using LiDAR, IMU, and camera streams | D30: Dataset for multimodal robot perception using LiDAR, IMU, and camera streams | E30: Zenodo | F30: https://zenodo.org/records/13754446 | G30: 1 | I30: 1 | J30: 1 | K30: 1 | N30: 1
A31: 29 | B31: Robotics | C31: Dataset for localisation and positioning under challenging conditions | D31: It uses multiple wearable and body-mounted IoT sensors (GNSS, IMU, stereo camera, PERSY foot-mounted system) to record positioning and movement data | E31: Zenodo | F31: https://zenodo.org/records/4290789 | G31: 1 | I31: 1 | J31: 1 | K31: 1 | M31: 1 | N31: 1
A32: 30 | B32: Manufacturing | C32: Dataset for analysing thermal effects and structural deformations in a large-scale CNC machining centre | D32: It integrates structural IoT sensors (IDS bars, thermocouples) and embedded CNC machine sensors (positions, loads, power, temperatures) | E32: Zenodo | F32: https://zenodo.org/records/16579804 | G32: 1 | I32: 1 | J32: 1 | K32: 1 | N32: 1
A33: 31 | B33: Robotics | C33: An annotated underwater pipeline inspection dataset | D33: It uses IoT-enabled sensing on an AUV, including cameras, side-scan sonar, and inertial navigation sensors | E33: Zenodo | F33: https://zenodo.org/records/12666132 | G33: 1 | I33: 1 | J33: 1 | K33: 1 | N33: 1
A34: 32 | B34: Public Safety | C34: Life-sign detection (breathing rate) behind walls using UWB radar | D34: Includes human presence (standing, lying) and no-human control sessions | E34: Zenodo | F34: https://zenodo.org/records/10779256 | G34: 1 | I34: 1 | J34: 1 | K34: 1 | M34: 1 | N34: 1
A35: 33 | B35: Physics | C35: Experimental validation of a gravity propulsion engine within the Simplified Theory of Everything (STOE) and Gluon Orbit Theory | D35: Real-time physical measurements from a USB optical sensor, combined with AI-based signal interpretation and simulation outputs | E35: Zenodo | F35: https://zenodo.org/records/15569226 | G35: 1 | I35: 1 | J35: 1 | K35: 1 | N35: 1
A36: 34 | B36: Environment | C36: Long-term marine IoT dataset for environmental monitoring and IoT system security | D36: Includes environmental data + operational/communication metrics + spoofing labels for security research | E36: Zenodo | F36: https://zenodo.org/records/15553598 | G36: 1 | I36: 1 | J36: 1 | K36: 1 | N36: 1
A37: 35 | B37: Transportation | C37: Magnetic field signals from vehicles entering/exiting a facility | D37: It uses a spintronic magnetic field sensor deployed at an entrance gate to capture real-world vehicle passage signals | E37: Zenodo | F37: https://zenodo.org/records/15475624 | G37: 1 | I37: 1 | J37: 1 | K37: 1 | N37: 1
A38: 36 | B38: Health | C38: Human behaviour analysis from multimodal inertial wearables; activity recognition (standing, walking, stand→sit) and fall-detection benchmarking | D38: Captured by wearable Shimmer3 inertial sensors (accelerometer + gyroscope) mounted at the waist, logging at 50 Hz with timestamped readings | E38: Harvard Dataverse | F38: https://dataverse.harvard.edu/dataset.xhtml?persistentId=doi:10.7910/DVN/6CKENX | G38: 1 | H38: 1 | I38: 1 | J38: 1 | K38: 1 | L38: 1 | M38: 1 | N38: 1
A39: 37 | B39: Health | C39: Sign language recognition dataset — gestures corresponding to 26 alphabet letters (A–Z) and 10 digits (1–10) | D39: Using 5 flex sensors connected to an Arduino ATMega microcontroller, producing digitised signals (0–1023) | E39: Harvard Dataverse | F39: https://dataverse.harvard.edu/dataset.xhtml?persistentId=doi:10.7910/DVN/ODY7GH | G39: 1 | H39: 1 | I39: 1 | J39: 1 | K39: 1 | N39: 1
A40: 38 | B40: Transportation | C40: Detection and classification of rash driving patterns using smartphone IMU signals | D40: Data was collected by a smartphone’s built-in IMU sensors (accelerometer + gyroscope) running the Sensor Logger Android app, which qualifies as an IoT data source | E40: Open Science Framework | F40: https://osf.io/4g87c/ | G40: 1 | H40: 1 | I40: 1 | J40: 1 | K40: 1 | L40: 1 | M40: 1 | N40: 1
A41: 39 | B41: Environment | C41: Conductivity-Temperature-Depth (CTD) profiles and auxiliary oceanographic measurements in Arctic fjords (Kongsfjorden and Rijpfjorden) | D41: Data include temperature, conductivity, salinity, fluorescence (calibrated with bottle chlorophyll samples), dissolved oxygen (uncalibrated), CDOM fluorescence, beam attenuation, PAR/SPAR, and turbidity | E41: FAIRsharing.org - Norwegian Polar Data Centre | F41: https://data.npolar.no/dataset/7414766f-c05d-4360-b08e-ee03bf874086 | G41: 1 | I41: 1 | J41: 1 | K41: 1 | N41: 1
A42: 40 | B42: Environment | C42: Sea ice dynamics, thermodynamics, and snow/ice interactions during the N-ICE2015 expedition north of Svalbard | D42: This dataset contains GPS positions and sensor data from 42 buoys deployed in two arrays (winter and spring 2015) as part of the N-ICE2015 expedition. The buoys recorded sea ice drift, snow depth, ice thickness, temperature profiles, stress, radiation, and wave data. | E42: FAIRsharing.org - Norwegian Polar Data Centre | F42: https://data.npolar.no/dataset/6ed9a8ca-95b0-43be-bedf-8176bf56da80 | G42: 1 | I42: 1 | J42: 1 | K42: 1 | M42: 1 | N42: 1
A43: 41 | B43: Environment | C43: CTD profiles of hydrographic and biogeochemical parameters from the Fram Strait (Arctic Ocean) | D43: Include temperature, conductivity, practical salinity (EOS-80), dissolved oxygen, chlorophyll fluorescence, CDOM fluorescence, and beam attenuation, all binned at 1 dbar vertical resolution | E43: FAIRsharing.org - Norwegian Polar Data Centre | F43: https://data.npolar.no/dataset/9605165a-bcb0-45e4-9fe6-fccaf7956578/file | G43: 1 | H43: 1 | I43: 1 | J43: 1 | K43: 1 | M43: 1 | N43: 1
A44: 42 | B44: Environment | C44: Hydrographic and biogeochemical profiles from the Nansen Basin and north of Svalbard, collected during Arctic Ocean 2023 – 2 expedition | D44: It includes temperature, conductivity, salinity (EOS-80), uncalibrated dissolved oxygen, chlorophyll fluorescence (calibrated), CDOM fluorescence (voltage only), and beam attenuation, all binned at 1 dbar resolution | E44: FAIRsharing.org - Norwegian Polar Data Centre | F44: https://data.npolar.no/dataset/7b5b8509-62f2-4b3b-b5a8-af94e27551d5 | G44: 1 | H44: 1 | I44: 1 | J44: 1 | K44: 1 | M44: 1 | N44: 1
A45: 43 | B45: Environment | C45: Subsurface temperature evolution in firn/ice at Austfonna ice cap (Svalbard) over a 13-year period | D45: This dataset contains subsurface temperature data collected at site Camp (773 m a.s.l.) on Austfonna ice cap, Svalbard, 2009–2022, monitored by the Norwegian Polar Institute and University of Oslo | E45: FAIRsharing.org - Norwegian Polar Data Centre | F45: https://data.npolar.no/dataset/10db6623-3a5c-4eb4-aee1-13d5f37bfb7a | G45: 1 | H45: 1 | I45: 1 | J45: 1 | K45: 1 | M45: 1 | N45: 1
A46: 44 | B46: Environment | C46: Spectral shortwave radiation (incident, reflected, transmitted) across snow-ice-ocean interfaces during the N-ICE2015 expedition (Floe 3 & 4 supersite and refrozen lead transects) | D46: Measurements include downwelling and upwelling irradiance, albedo, and transmittance at fixed "supersite" locations on Floe 3 and 4, and incident/transmitted irradiance across a refrozen lead transect near R/V Lance. | E46: FAIRsharing.org - Norwegian Polar Data Centre | F46: https://data.npolar.no/dataset/9089792e-f5b2-5db3-9a46-268f775b1d8d | G46: 1 | I46: 1 | J46: 1 | K46: 1 | M46: 1 | N46: 1
A47: 45 | B47: Environment | C47: Preliminary hydrographic profiles (temperature–salinity pairs) from a Seaglider mission | D47: Contains preliminary, uncalibrated measurements of conservative temperature and salinity collected by a Seaglider autonomous underwater vehicle between 28 December 2020 and 17 March 2021 | E47: FAIRsharing.org - Norwegian Polar Data Centre | F47: https://data.npolar.no/dataset/1959df96-4218-4fdd-b34a-77b7bf1b4b70/file?prefix=%2FSG546%2Fraw%2F | G47: 1 | I47: 1 | J47: 1 | K47: 1 | N47: 1
A48: 46 | B48: Environment | C48: Long-term hydrography and ocean current observations from the Amundsen Basin, Arctic Ocean (723-day mooring) | D48: Contains hydrographic (temperature, salinity, pressure, conductivity) and ocean current data from the Amundsen-22 mooring, deployed at 4215 m depth in the Amundsen Basin between 7 Aug 2022 – 30 Jul 2024 during Arctic Ocean cruises on the R/V Kronprins Haakon | E48: FAIRsharing.org - Norwegian Polar Data Centre | F48: https://data.npolar.no/dataset/92445174-7f22-4e04-8df8-fc0965720265 | G48: 1 | H48: 1 | I48: 1 | J48: 1 | K48: 1 | M48: 1 | N48: 1
A49: 47 | B49: Environment | C49: Long-term hydrographic time series in the northwestern Barents Sea slope region, aimed at capturing inflow variability from the north | D49: Measured temperature, salinity, pressure, conductivity at multiple depths (22–250 m) | E49: FAIRsharing.org - Norwegian Polar Data Centre | F49: https://data.npolar.no/dataset/bb2d725f-76b7-44c2-b184-60c6e17dfacd | G49: 1 | H49: 1 | I49: 1 | J49: 1 | K49: 1 | N49: 1
A50: 48 | B50: Environment | C50: Long-term physical oceanography and sea ice data from 1981–2015, including currents, hydrography, sea ice drift, and sea ice thickness | D50: Contains Moored instrument data, CTD casts, Bottle data, Sea ice thickness, Sea ice drift | E50: FAIRsharing.org - Norwegian Polar Data Centre | F50: https://data.npolar.no/dataset/e3d4f892-2ccc-5b9a-8a6b-8330bc1ec9ee | G50: 1 | I50: 1 | J50: 1 | K50: 1 | M50: 1 | N50: 1
A51: 49 | B51: Environment | C51: Long-term hydrography and current measurements from the Nansen Basin, Arctic Ocean (722-day mooring) | D51: The dataset includes: Hydrography: Temperature, salinity, pressure, conductivity from multiple depths (50–3792 m).Currents: Horizontal velocity profiles from two ADCPs (shallow RDI 300 kHz, deep Nortek Signature55) | E51: FAIRsharing.org - Norwegian Polar Data Centre | F51: https://data.npolar.no/dataset/67ffb476-6bfa-4ec1-94f5-9cdb2ca2aa9b | G51: 1 | I51: 1 | J51: 1 | K51: 1 | M51: 1 | N51: 1
A52: 50 | B52: Environment | C52: Sea ice + snow thickness mapping in the Barents Sea region during March 2014 | D52: This dataset contains sea ice thickness measurements from 8 helicopter flights in March 2014 across the Barents Sea | E52: FAIRsharing.org - Norwegian Polar Data Centre | F52: https://data.npolar.no/dataset/ee8f4f8d-3ed8-411b-99be-e52dedc2efe1 | G52: 1 | I52: 1 | J52: 1 | K52: 1 | N52: 1
A53: 51 | B53: Environment | C53: Long-term hydrography and current observations from two gateway moorings (M1, M2) in the northern Barents Sea, part of the Nansen Legacy project | D53: Hydrography: Conductivity, temperature, and pressure from RBR Concerto and SBE16plus v2; temperature from RBR Solo. Currents: Near-surface from Nortek Signature 500 kHz ADCPs; full water column from RDI 150 kHz ADCPs | E53: FAIRsharing.org - Norwegian Polar Data Centre | F53: https://data.npolar.no/dataset/1a68b156-6f96-4824-8b10-40f07acbd632 | G53: 1 | H53: 1 | I53: 1 | J53: 1 | K53: 1 | N53: 1
A54: 52 | B54: Environment | C54: CTD hydrography and auxiliary biogeochemical data from the Troll Transect Cruise 2020–2021 off Dronning Maud Land, Antarctica | D54: Include temperature, conductivity, salinity, chlorophyll fluorescence (calibrated), and dissolved oxygen (uncalibrated + raw voltage) | E54: FAIRsharing.org - Norwegian Polar Data Centre | F54: https://data.npolar.no/dataset/b1504a66-9332-4f45-98ed-01450e1635f6 | G54: 1 | H54: 1 | I54: 1 | J54: 1 | K54: 1 | M54: 1 | N54: 1
A55: 53 | B55: Environment | C55: Hydrography and biogeochemistry in the Nansen and Amundsen Basins of the Arctic Ocean during the AO-2022 research cruise | D55: Profiles include temperature, conductivity, salinity (derived), dissolved oxygen, and CDOM fluorescence | E55: FAIRsharing.org - Norwegian Polar Data Centre | F55: https://data.npolar.no/dataset/d1e609e2-08ff-4638-843c-28d039c9d33c | G55: 1 | H55: 1 | I55: 1 | J55: 1 | K55: 1 | M55: 1 | N55: 1
A56: 54 | B56: Environment | C56: Airborne measurements of sea ice thickness (ice + snow) in the Fram Strait region | D56: Contains sea ice thickness measurements from 9 helicopter flights conducted in the Fram Strait between August–September 2014 | E56: FAIRsharing.org - Norwegian Polar Data Centre | F56: https://data.npolar.no/dataset/1ed8c57e-8041-42fd-95bb-cfe4e181e9b8 | G56: 1 | I56: 1 | J56: 1 | K56: 1 | N56: 1
A57: 55 | B57: Environment | C57: Hydrography and biogeochemistry in the Nansen and Amundsen Basins, Arctic Ocean during the AO2024 cruise | D57: CTD data include temperature, conductivity, salinity (derived), and dissolved oxygen. Laboratory measurements from Niskin bottle samples include salinity, dissolved oxygen, and chlorophyll | E57: FAIRsharing.org - Norwegian Polar Data Centre | F57: https://data.npolar.no/dataset/60e6f94c-3ee4-44eb-9f34-f49d26029b2f | G57: 1 | H57: 1 | I57: 1 | J57: 1 | K57: 1 | L57: 1 | M57: 1 | N57: 1
A58: 56 | B58: Environment | C58: Coupled sea ice algal biofilm studies using under-ice hyperspectral imaging and ice core biogeochemistry (chl a, pigments), including lab incubation experiments with monocultures | D58: Sea ice cores from Tempelfjorden and Van Mijenfjorden, Svalbard, combined with UHI spectral imaging surveys beneath the ice | E58: FAIRsharing.org - Norwegian Polar Data Centre | F58: https://data.npolar.no/dataset/974eb850-325c-4259-a7a4-5e01e8f635e5 | G58: 1 | H58: 1 | I58: 1 | J58: 1 | K58: 1 | M58: 1 | N58: 1
A59: 57 | B59: Environment | C59: Time-series of sea ice drift, air pressure, and temperature from drifting buoys deployed during CIRFA 2022 | D59: Include GPS position, air temperature, air pressure, pressure tendency, and battery voltage, with variable sampling intervals (hourly → half-hourly → daily/bi-daily) | E59: FAIRsharing.org - Norwegian Polar Data Centre | F59: https://data.npolar.no/dataset/ab9371f7-542f-4e07-beb0-3d2771d1d111 | G59: 1 | I59: 1 | J59: 1 | K59: 1 | M59: 1 | N59: 1
A60: 58 | B60: Environment | C60: Microstructure turbulence and hydrography in Kongsfjorden, Svalbard (August 2021) | D60: Dissipation rate of turbulent kinetic energy, In situ temperature, Practical salinity | E60: FAIRsharing.org - Norwegian Polar Data Centre | F60: https://data.npolar.no/dataset/d2a4f5c8-6122-4594-b301-dd909776833f | G60: 1 | H60: 1 | I60: 1 | J60: 1 | K60: 1 | M60: 1 | N60: 1
A61: 59 | B61: Environment | C61: High-resolution meteorological observations in Antarctica (Troll research station & Troll airfield, Dronning Maud Land) | D61: Data is recorded approximately once per minute and includes pressure, wind, temperature, humidity, radiation, and ice/ground temperatures | E61: FAIRsharing.org - Norwegian Polar Data Centre | F61: https://data.npolar.no/dataset/79d4b7c7-3bee-40a6-975f-f9ed4d253c44 | G61: 1 | I61: 1 | J61: 1 | K61: 1 | M61: 1 | N61: 1
A62: 60 | B62: Environment | C62: Ocean currents, hydrography, and water mass properties in the East Greenland Current (Fram Strait Arctic Outflow Observatory) | D62: Time series of ocean currents, temperature, salinity, and pressure from moored instruments in the East Greenland Current at 78°50′N | E62: FAIRsharing.org - Norwegian Polar Data Centre | F62: https://data.npolar.no/dataset/c4d80b64-25f6-4afd-b392-696430c3fd14 | G62: 1 | H62: 1 | I62: 1 | J62: 1 | K62: 1 | M62: 1 | N62: 1
A63: 61 | B63: Environment | C63: Sea ice draft and drift velocity, ocean currents, and hydrography in the Barents Sea | D63: Data were collected in ensembles of 48 pings at 1-second intervals every 15 minutes, processed with tilt/sound speed/pressure corrections, and distributed in NetCDF and .mat formats | E63: FAIRsharing.org - Norwegian Polar Data Centre | F63: https://data.npolar.no/dataset/c19e8a7d-bd2c-4e59-9d65-8cbdd19a3e1b | G63: 1 | I63: 1 | J63: 1 | K63: 1 | M63: 1 | N63: 1
A64: 62 | B64: Environment | C64: Variability and trends of Atlantic Water inflow into the Arctic Ocean (Nansen Basin, north of the Barents Sea) | D64: Autonomous oceanographic sensors (CTDs and ADCPs) continuously collected time series data | E64: FAIRsharing.org - Norwegian Polar Data Centre | F64: https://data.npolar.no/dataset/86ec6869-76c2-46f2-a8f2-8dfae84930e5 | G64: 1 | I64: 1 | J64: 1 | K64: 1 | M64: 1 | N64: 1
A65: 63 | B65: Environment | C65: In-situ profiles of seawater optical absorption, hydrography, and nitrate concentration under ice | D65: collected coincident with SBE19+ CTD (temperature, salinity, depth) and ISUS nitrate sensor measurements | E65: FAIRsharing.org - Norwegian Polar Data Centre | F65: https://data.npolar.no/dataset/7dce5c52-2aef-55b2-8bc7-194996c5c888 | G65: 1 | I65: 1 | J65: 1 | K65: 1 | N65: 1
A66: 64 | B66: Environment | C66: Hydrographic profiling: salinity, temperature, pressure, conductivity, sound velocity | D66: Includes corrected metadata (time, lat, lon, station numbers), and conductivity slope corrections adjusted based on deep bottle samples to achieve high-accuracy salinity | E66: FAIRsharing.org - Norwegian Polar Data Centre | F66: https://data.npolar.no/dataset/92262a9c-e6a4-59b5-9929-81c0429d7de6 | G66: 1 | I66: 1 | J66: 1 | K66: 1 | M66: 1 | N66: 1
A67: 65 | B67: Health | C67: Blood pressure morphology assessment using photoplethysmography (PPG) and arterial blood pressure (ABP) waveforms | D67: Subset of the MIMIC-III Waveform Database Matched Subset. 5,821 PPG and ABP records from 1,196 subjects at 125 Hz. Each record reduced to two 15 s segments, 5 min apart | E67: figshare | F67: https://figshare.com/articles/dataset/Sensors_dataset/20496243?file=38671832 | G67: 1 | H67: 1 | I67: 1 | J67: 1 | K67: 1 | L67: 1 | N67: 1
A68: 66 | B68: Engineering | C68: Impact-Echo technique applied to concrete test beams to analyse internal material properties and responses to mechanical impacts | D68: Includes variations in hammer tips, hammer handles, and applied forces | E68: figshare | F68: https://figshare.com/articles/dataset/Effect_of_Hammer_Type_on_Generated_Mechanical_Signals_in_Impact-Echo_Testing/13653284?file=26207933 | G68: 1 | I68: 1 | J68: 1 | K68: 1 | M68: 1 | N68: 1
A69: 67 | B69: Engineering | C69: Continuous motor health monitoring for predictive maintenance and fault detection in fan coil motors. | D69: Consists of continuous vibration readings collected from a fan coil motor in a corporate environment | E69: figshare | F69: https://figshare.com/articles/dataset/_i_Vibration_Sensor_Dataset_for_Estimating_Fan_Coil_Motor_Health_i_/25959403 | G69: 1 | I69: 1 | J69: 1 | K69: 1 | N69: 1
A70: 68 | B70: Health | C70: Measurement of high acoustic pressures from a HIFU (High-Intensity Focused Ultrasound) transducer using a robust Fabry–Pérot (FP) optical sensor, validated against hydrophone and simulation (KZK) | D70: Measurements of acoustic fields generated by a 1.1 MHz spherical focusing HIFU transducer (H101, Sonic Concepts) in water | E70: figshare | F70: https://figshare.com/articles/dataset/Rapid_Spatial_Mapping_of_Focused_Ultrasound_Fields_Using_a_Planar_Fabry_P_rot_Sensor/14217200 | G70: 1 | I70: 1 | J70: 1 | K70: 1 | N70: 1
A71: 69 | B71: Agriculture | C71: A field-scale sensor network data set for monitoring and modeling the spatial and temporal variation of soil moisture in a dryland agricultural field | D71: Hourly and daily measurements of volumetric water content, soil temperature, and bulk electrical conductivity | E71: figshare | F71: https://figshare.com/articles/dataset/Data_from_A_field-scale_sensor_network_data_set_for_monitoring_and_modeling_the_spatial_and_temporal_variation_of_soil_moisture_in_a_dryland_agricultural_field/24852273?file=44335805 | G71: 1 | H71: 1 | I71: 1 | J71: 1 | K71: 1 | L71: 1 | M71: 1 | N71: 1
A72: Total | G72: =SUBTOTAL(109,Table14[IoT Device]) -> 69 | H72: =SUBTOTAL(109,Table14[Sample]) -> 33 | I72: =SUBTOTAL(109,Table14[FeatureOfInterest]) -> 69 | J72: =SUBTOTAL(109,Table14[Property]) -> 69 | K72: =SUBTOTAL(109,Table14[Result]) -> 69 | L72: =SUBTOTAL(109,Table14[Platform]) -> 16 | M72: =SUBTOTAL(109,Table14[Deployment]) -> 45 | N72: =SUBTOTAL(109,Table14[resultTime]) -> 67

Sheet Analysis
A1: Row Labels | B1: Count of Topic
A2: Aerospace | B2: 1
A3: Animal | B3: 1
A4: Physics | B4: 1
A5: Smart Cities | B5: 1
A6: Public Safety | B6: 1
A7: Transportation | B7: 2
A8: Mobile | B8: 2
A9: Engineering | B9: 2
A10: Manufacturing | B10: 2
A11: Communication | B11: 3
A12: Agriculture | B12: 4
A13: Health | B13: 9
... A16: Grand Total | B16: 69
A28: Component | B28: Dataset Count | C28: Percentage
A29: IoT Device | B29: 69 | C29: =Table1[[#This Row],[Dataset Count]]/GETPIVOTDATA("Topic",$A$1) -> 1
A30: FeatureOfInterest | B30: 69 | C30: =Table1[[#This Row],[Dataset Count]]/GETPIVOTDATA("Topic",$A$1) -> 1
A31: Property | B31: 69 | C31: =Table1[[#This Row],[Dataset Count]]/GETPIVOTDATA("Topic",$A$1) -> 1
A32: Result | B32: 69 | C32: =Table1[[#This Row],[Dataset Count]]/GETPIVOTDATA("Topic",$A$1) -> 1
A33: resultTime | B33: 67 | C33: =Table1[[#This Row],[Dataset Count]]/GETPIVOTDATA("Topic",$A$1) -> 0.97101449
A34: Deployment | B34: 45 | C34: =Table1[[#This Row],[Dataset Count]]/GETPIVOTDATA("Topic",$A$1) -> 0.65217391
A35: Sample | B35: 33 | C35: =Table1[[#This Row],[Dataset Count]]/GETPIVOTDATA("Topic",$A$1) -> 0.47826087
A36: Platform | B36: 16 | C36: =Table1[[#This Row],[Dataset Count]]/GETPIVOTDATA("Topic",$A$1) -> 0.23188406
